{"val_loss":{"0":0.0420375317,"1":0.0159980133,"2":0.0178305432,"3":0.0266018137,"4":0.0076515428,"5":0.0199629925,"6":0.0189243499,"7":0.0073270896,"8":0.0279726833,"9":0.0202944055,"10":0.0043203337,"11":0.0242634341,"12":0.027411662,"13":0.0044030179,"14":0.0117758363,"15":0.02082639,"16":0.0151366461,"17":0.0188635699,"18":0.0243324842,"19":0.0084368326,"20":0.0172500052,"21":0.0120991869,"22":0.0077159484,"23":0.0117788361,"24":0.058582291,"25":0.0142505644,"26":0.0132347727,"27":0.0348137654,"28":0.0095420806,"29":0.0104988385,"30":0.0209648199,"31":0.0068556592,"32":0.0083064027,"33":0.0067253509,"34":0.0066052391,"35":0.0164577235,"36":0.0246187486,"37":0.029970862,"38":0.0065208049,"39":0.0163712148,"40":0.011997235,"41":0.0313354693,"42":0.0062893159,"43":0.0409201309,"44":0.0100465743,"45":0.0159906931,"46":0.0088683404,"47":0.018862566,"48":0.0115113501,"49":0.0085551571,"50":0.0128168697,"51":0.0432598144,"52":0.0196806677,"53":0.0101149231,"54":0.0080415122,"55":0.0044212402,"56":0.0097601889,"57":0.021246478,"58":0.0193277095,"59":0.0082524093,"60":0.0321230255,"61":0.0151994815,"62":0.0155258775,"63":0.027163133,"64":0.0301112086,"65":0.0065294066,"66":0.0016579508,"67":0.0183866713,"68":0.01631964,"69":0.0100972112,"70":0.0089222677,"71":0.0226006918,"72":0.0095621031,"73":0.033855468,"74":0.0319230296,"75":0.0331586152,"76":0.0128628099,"77":0.0237674639,"78":0.0190879647,"79":0.0117731551,"80":0.0220017154,"81":0.0088468501,"82":0.0268675648,"83":0.0159902833,"84":0.0082071442,"85":0.0100833196,"86":0.0110794492,"87":0.0112191159,"88":0.0031317626,"89":0.0093912613,"90":0.0177407935,"91":0.0415852629,"92":0.0249499753,"93":0.0553950034,"94":0.011278783,"95":0.1205987111,"96":0.0272360519,"97":0.0225003455,"98":0.0566738918,"99":0.0165361725},"val_keras_psnr":{"0":14.8077173233,"1":15.0802955627,"2":14.7287540436,"3":14.8666553497,"4":15.6493654251,"5":14.8731613159,"6":15.5192298889,"7":15.4616298676,"8":15.7571773529,"9":14.8654699326,"10":15.8957386017,"11":15.943775177,"12":15.7913913727,"13":15.9830417633,"14":15.6761360168,"15":15.9303979874,"16":16.4211196899,"17":16.2048244476,"18":15.9066734314,"19":16.0240211487,"20":16.2195930481,"21":16.4236030579,"22":16.2536087036,"23":16.3551368713,"24":16.0808086395,"25":16.2262516022,"26":15.895866394,"27":15.471072197,"28":16.1256523132,"29":16.2496795654,"30":15.9715309143,"31":16.2438220978,"32":16.172504425,"33":16.1163101196,"34":16.3943977356,"35":16.115398407,"36":16.2660007477,"37":16.2734127045,"38":16.4246616364,"39":16.3530273438,"40":16.4162025452,"41":16.3401832581,"42":16.0883865356,"43":15.8319864273,"44":16.1678657532,"45":16.1957511902,"46":16.2561836243,"47":16.1635417938,"48":16.1865177155,"49":16.3645954132,"50":16.3702640533,"51":16.6678466797,"52":16.1342945099,"53":16.3794746399,"54":16.0894088745,"55":16.6789226532,"56":16.1641921997,"57":16.545507431,"58":16.0460128784,"59":16.1948127747,"60":16.6686077118,"61":16.100112915,"62":16.4651889801,"63":16.3685073853,"64":16.3615722656,"65":16.3896427155,"66":16.7714080811,"67":16.39494133,"68":16.0111236572,"69":16.5905456543,"70":16.7548847198,"71":16.5998363495,"72":16.3198127747,"73":16.1940231323,"74":16.3678131104,"75":16.5059490204,"76":16.6140823364,"77":16.2387065887,"78":16.7147941589,"79":16.7991638184,"80":16.2346096039,"81":16.5565128326,"82":16.292804718,"83":16.6859512329,"84":16.5133304596,"85":16.0289802551,"86":16.3128967285,"87":16.8101654053,"88":16.4828720093,"89":16.7759342194,"90":16.4276847839,"91":16.6506977081,"92":16.3739337921,"93":16.2408123016,"94":16.4475345612,"95":16.3229122162,"96":16.7521286011,"97":16.5077533722,"98":16.1005706787,"99":16.4309196472},"val_keras_ssim":{"0":0.3545926809,"1":0.4196650684,"2":0.4178862274,"3":0.4114058614,"4":0.457254678,"5":0.4515456855,"6":0.4707546532,"7":0.4828753173,"8":0.4777985811,"9":0.4752142727,"10":0.4930648804,"11":0.5009090304,"12":0.5008413196,"13":0.4962202907,"14":0.5039294362,"15":0.4938976169,"16":0.5189735293,"17":0.5034784675,"18":0.5052970648,"19":0.5044968128,"20":0.5048454404,"21":0.5074983239,"22":0.5106377006,"23":0.5091160536,"24":0.5211843252,"25":0.5051532984,"26":0.4960431159,"27":0.5033775568,"28":0.5005382299,"29":0.5261626244,"30":0.5111414194,"31":0.5097735524,"32":0.517717123,"33":0.5101294518,"34":0.5113071203,"35":0.5048958063,"36":0.5275428295,"37":0.5310134292,"38":0.5219074488,"39":0.5253733993,"40":0.5186235905,"41":0.5310649276,"42":0.5244811773,"43":0.5216011405,"44":0.5081233382,"45":0.5017535686,"46":0.5125286579,"47":0.5189527869,"48":0.5090417862,"49":0.5231626034,"50":0.5172113776,"51":0.5265856385,"52":0.5176359415,"53":0.5265092254,"54":0.5076608062,"55":0.5207536221,"56":0.5294541121,"57":0.5186414719,"58":0.5052353144,"59":0.514983654,"60":0.5268764496,"61":0.506983161,"62":0.521468699,"63":0.5262352824,"64":0.5324756503,"65":0.517408669,"66":0.536790967,"67":0.520547092,"68":0.5183156133,"69":0.5281100273,"70":0.5267949104,"71":0.5164619684,"72":0.5165142417,"73":0.5108271241,"74":0.509765923,"75":0.5208469033,"76":0.524243772,"77":0.5066829324,"78":0.5231314301,"79":0.5227880478,"80":0.5167046189,"81":0.5319425464,"82":0.5217608809,"83":0.5215232968,"84":0.5090149045,"85":0.5080433488,"86":0.5215272903,"87":0.5283636451,"88":0.5234779119,"89":0.526163578,"90":0.5267328024,"91":0.5297953486,"92":0.5274961591,"93":0.5313962698,"94":0.5175769329,"95":0.5127578974,"96":0.5346307755,"97":0.5043820739,"98":0.4969570041,"99":0.528912425},"loss":{"0":0.0425569922,"1":0.0262525577,"2":0.0244229772,"3":0.0245782749,"4":0.0247323182,"5":0.0231892817,"6":0.0249654783,"7":0.0242558366,"8":0.0221408333,"9":0.0218609517,"10":0.0217481476,"11":0.0219772048,"12":0.0199235842,"13":0.0202191032,"14":0.0210149634,"15":0.0202015929,"16":0.0213421234,"17":0.0216676979,"18":0.0196119006,"19":0.0192169166,"20":0.0195001115,"21":0.0192759435,"22":0.0196963233,"23":0.0199714662,"24":0.019439211,"25":0.020198781,"26":0.0202655329,"27":0.0195714135,"28":0.0200800357,"29":0.0195435047,"30":0.0203995518,"31":0.018894094,"32":0.0203777125,"33":0.0200813675,"34":0.0199071615,"35":0.0187576994,"36":0.0198203532,"37":0.0201986032,"38":0.0198626813,"39":0.0196633249,"40":0.0196478669,"41":0.0202857152,"42":0.0190758031,"43":0.0193065549,"44":0.0189023327,"45":0.0199943031,"46":0.0195109511,"47":0.0197610488,"48":0.0189148483,"49":0.01856175,"50":0.0197427175,"51":0.0195351362,"52":0.0192521542,"53":0.0192182714,"54":0.0180323432,"55":0.0191584277,"56":0.0192622827,"57":0.0193626714,"58":0.0199413826,"59":0.0196189877,"60":0.019400772,"61":0.0201947341,"62":0.0192975201,"63":0.0194290962,"64":0.0193179395,"65":0.0186328746,"66":0.0182179543,"67":0.0185417264,"68":0.0195004312,"69":0.0184114697,"70":0.0187567697,"71":0.0181363967,"72":0.0195059823,"73":0.0194638904,"74":0.0190648794,"75":0.0192268669,"76":0.0189610463,"77":0.0182070312,"78":0.0191141025,"79":0.0180623496,"80":0.0186305498,"81":0.0188722982,"82":0.0181000096,"83":0.0186461465,"84":0.0177335083,"85":0.0193439047,"86":0.0179646884,"87":0.0185752455,"88":0.0190445172,"89":0.0182611624,"90":0.0182595744,"91":0.0182959058,"92":0.019696573,"93":0.0181056104,"94":0.0183969525,"95":0.0187765251,"96":0.0187728995,"97":0.0179999552,"98":0.0180875424,"99":0.0186124657},"keras_psnr":{"0":13.3252754211,"1":14.8778924942,"2":15.128156662,"3":15.054233551,"4":15.1425380707,"5":15.4287986755,"6":15.2211465836,"7":15.3562898636,"8":15.6258296967,"9":15.6809663773,"10":15.7759361267,"11":15.7537269592,"12":16.0507602692,"13":15.9504613876,"14":15.9620876312,"15":16.0570411682,"16":15.8650684357,"17":15.8273696899,"18":16.1993598938,"19":16.1049194336,"20":16.1474285126,"21":16.235912323,"22":16.0932598114,"23":16.123758316,"24":16.1321983337,"25":16.1122169495,"26":16.0280628204,"27":16.1541042328,"28":16.2220344543,"29":16.2104606628,"30":15.9687376022,"31":16.316570282,"32":16.1651172638,"33":16.1666622162,"34":16.1881504059,"35":16.3727912903,"36":16.1631851196,"37":16.0825366974,